Designator,Footprint,Quantity,Value,LCSC Part #
J1,USB-B,1,USB-B PICO1,
J2,USB-B,1,USB-B PICO2,
J3,Molex_KK-254_AE-6410-10A_1x10_P2.54mm_Vertical,1,PLAYER1,
J4,Molex_KK-254_AE-6410-10A_1x10_P2.54mm_Vertical,1,PLAYER2,
J5,Molex_KK-254_AE-6410-08A_1x08_P2.54mm_Vertical,1,Kick Harness,
J6,Molex_KK-254_AE-6410-04A_1x04_P2.54mm_Vertical,1,CREDITS,
J7,Molex_KK-254_AE-6410-10A_1x10_P2.54mm_Vertical,1,XboX XtraX,
J8,Molex_KK-254_AE-6410-04A_1x04_P2.54mm_Vertical,1,AUDIO,
J9,JAMMA_edge,1,JAMMA_edge_conn,
JP1,PinHeader_1x03_P2.54mm_Vertical,1,P1_B5_SELECTOR,
JP2,PinHeader_1x03_P2.54mm_Vertical,1,P1_B6_SELECTOR,
JP3,PinHeader_1x03_P2.54mm_Vertical,1,P2_B5_SELECTOR,
JP4,PinHeader_1x03_P2.54mm_Vertical,1,P2_B6_SELECTOR,
JP5,PinHeader_1x03_P2.54mm_Vertical,1,P1 JAMMA BUT6,
JP6,PinHeader_1x03_P2.54mm_Vertical,1,P2 JAMMA BUT6,
"U1, U2",pi-pico,2,pi_pico,
